Original Address,Formatted Address,Street1,Street2,City,State,Country,Postal Code
"215 SPADINA AVE, SUITE 330  TORONTO ",215 SPADINA AVE SUITE 330  TORONTO,215 SPADINA AVENUE,SUITE 330,TORONTO,ON,CA,M5T 2C7
"151 ESNA PARK DRIVE UNITS 11 & 12 MARKHAM, ",151 ESNA PARK DRIVE UNITS 11  12 MARKHAM,151 ESNA PARK DRIVE,,MARKHAM,ON,CA,
"250 EXECUTIVE PARK BLVD, #3400  SAN FRANCISCO ",250 EXECUTIVE PARK BLVD 3400  SAN FRANCISCO,250 EXECUTIVE PARK BOULEVARD,,SAN FRANCISCO,CA,US,94134
"P.O. BOX 1953, STN D  SCARBOROUGH ",P.O. BOX 1953 STN D  SCARBOROUGH,,P.O. BOX 1953,SCARBOROUGH,ME,US,
52 FALLINGWORTH BAY NE  CALGARY ,52 FALLINGWORTH BAY NE  CALGARY,FALLINGWORTH BAY NE,,CALGARY,AB,CA,T3J 1B1
7715A HENRI BOURASSA OUEST  ST-LAURENT ,7715A HENRI BOURASSA OUEST  ST-LAURENT,7715 BOULEVARD HENRI-BOURASSA OUEST,,MONTREAL,QC,CA,H4S 1V4
6300 BOUL. GUILLAUME-COUTURE PO BOX 3500 LEVIS ,6300 BOUL. GUILLAUME-COUTURE PO BOX 3500 LEVIS,BOULEVARD GUILLAUME-COUTURE,PO BOX 3500,LEVIS,QC,CA,
AUTO MODENA LAVAL INC 1750 CHOMEDEY BLVD LAVAL ,AUTO MODENA LAVAL INC 1750 CHOMEDEY BLVD LAVAL,1750 BOULEVARD CHOMEDEY,,LAVAL,QC,CA,
"#4A, 1235 - 64TH AVENUE S.E.  CALGARY ","4A AVENUE SE, CALGARY, AB, CANADA",4300-4399 4A AVENUE SE,,CALGARY,AB,CA,
141 TOWER STREET  BEACONSFIEL ,141 TOWER STREET  BEACONSFIEL,141 TOWER STREET,,WESTERLY,RI,US,02891
